,City,Country,Date,Latitude,Longitude,Cloudiness (%),Humidity (%),Max Temp (F),Wind Speed (mph)
0,tasiilaq,GL,2022-04-23 07:20:53,65.6145,-37.6368,100,95,45.03200000000002,1.01
1,sao joao da barra,BR,2022-04-23 07:20:54,-21.6403,-41.0511,52,63,82.75999999999999,3.56
2,hambantota,LK,2022-04-23 07:20:54,6.1241,81.1185,90,76,84.16400000000004,4.68
3,upernavik,GL,2022-04-23 07:20:54,72.7868,-56.1549,100,96,6.5839999999999925,4.02
4,ushuaia,AR,2022-04-23 07:20:55,-54.8,-68.3,40,75,42.727999999999966,3.09
5,roald,NO,2022-04-23 07:20:55,62.5833,6.1333,0,76,60.188000000000045,6.69
6,khorramshahr,IR,2022-04-23 07:20:55,30.4397,48.1664,0,6,98.83399999999999,3.09
7,opuwo,NA,2022-04-23 07:20:56,-18.0607,13.84,79,25,82.65199999999999,2.32
8,hermanus,ZA,2022-04-23 07:20:56,-34.4187,19.2345,51,61,64.076,6.35
9,bangui,CF,2022-04-23 07:18:13,4.3612,18.555,100,54,85.81999999999996,1.32
10,uyo,NG,2022-04-23 07:17:52,5.0333,7.9266,100,74,82.976,1.72
11,lebu,CL,2022-04-23 07:20:56,-37.6167,-73.65,100,97,56.75,4.29
12,bojnurd,IR,2022-04-23 07:20:57,37.4747,57.329,75,59,66.41600000000001,7.2
13,chapais,CA,2022-04-23 07:20:57,49.7834,-74.8492,63,81,14.053999999999949,2.03
14,jamestown,US,2022-04-23 07:20:57,42.097,-79.2353,100,58,51.656000000000034,3.09
15,busselton,AU,2022-04-23 07:20:58,-33.65,115.3333,4,51,64.81400000000004,4.99
16,vardo,NO,2022-04-23 07:20:58,70.3705,31.1107,100,84,38.53399999999999,8.06
17,arraial do cabo,BR,2022-04-23 07:20:58,-22.9661,-42.0278,0,58,84.434,6.17
18,lobito,AO,2022-04-23 07:20:58,-12.3481,13.5456,100,77,81.30199999999998,4
19,hithadhoo,MV,2022-04-23 07:20:59,-0.6,73.0833,30,69,85.58599999999997,4.25
20,bambous virieux,MU,2022-04-23 07:20:59,-20.3428,57.7575,40,69,79.484,6.69
21,eyl,SO,2022-04-23 07:20:59,7.9803,49.8164,27,59,88.15999999999998,5.05
22,taolanaro,,,,,,,,
23,ponta do sol,PT,2022-04-23 07:21:00,32.6667,-17.1,78,51,67.38800000000005,3.76
24,montevideo,UY,2022-04-23 07:17:51,-34.8335,-56.1674,0,82,53.88800000000005,2.57
25,manzil tamim,,,,,,,,
26,sokoni,TZ,2022-04-23 07:21:00,-6.4333,39.55,14,70,84.07400000000001,4.09
27,sanawad,IN,2022-04-23 07:21:01,22.1833,76.0667,15,10,106.43000000000005,6.11
28,east london,ZA,2022-04-23 07:20:19,-33.0153,27.9116,20,88,65.60600000000002,2.57
29,beisfjord,NO,2022-04-23 07:21:01,68.3751,17.5988,28,73,46.72400000000001,1.28
30,georgetown,MY,2022-04-23 07:20:34,5.4112,100.3354,20,80,86.21600000000001,2.06
31,port elizabeth,ZA,2022-04-23 07:21:01,-33.918,25.5701,100,97,62.366000000000014,5.36
32,privolzhye,RU,2022-04-23 07:21:02,52.8649,48.6044,86,75,50.792,4.35
33,amderma,,,,,,,,
34,kasaragod,IN,2022-04-23 07:21:02,12.5,75,94,68,86.95399999999995,4.14
35,peniche,PT,2022-04-23 07:18:44,39.3558,-9.3811,59,72,60.56600000000001,5.49
36,santa rosa,PH,2022-04-23 07:21:03,14.3122,121.1114,6,69,87.38599999999997,4.8
37,iqaluit,CA,2022-04-23 07:17:19,63.7506,-68.5145,20,77,1.3999999999999986,0
38,bouar,CF,2022-04-23 07:21:03,5.934,15.596,72,33,90.78800000000004,2.44
39,muyezerskiy,RU,2022-04-23 07:20:17,63.9333,31.65,100,88,36.28399999999999,2.98
40,chuy,UY,2022-04-23 07:21:04,-33.6971,-53.4616,4,82,53.81600000000001,4.44
41,iquitos,PE,2022-04-23 07:21:04,-3.7481,-73.2472,100,100,77.30600000000004,1.03
42,kamenka,RU,2022-04-23 07:21:04,51.3223,42.7678,73,43,60.04399999999997,3.01
43,porbandar,IN,2022-04-23 07:21:05,21.6422,69.6093,0,38,91.72400000000002,8.08
44,port alfred,ZA,2022-04-23 07:21:05,-33.5906,26.891,100,95,63.446000000000055,0.89
45,sept-iles,CA,2022-04-23 07:20:03,50.2001,-66.3821,40,55,28.327999999999964,6.69
46,marsabit,KE,2022-04-23 07:21:05,2.3284,37.9899,87,54,76.53200000000001,5.45
47,narsaq,GL,2022-04-23 07:21:06,60.9167,-46.05,100,83,43.285999999999966,1.05
48,ribeira grande,PT,2022-04-23 07:21:06,38.5167,-28.7,40,77,57.866000000000014,9.26
49,santa luzia,BR,2022-04-23 07:21:06,-19.7697,-43.8514,0,55,79.21400000000003,2.06
50,bardiyah,LY,2022-04-23 07:21:07,31.7561,25.0865,88,32,76.334,1.8
51,belushya guba,,,,,,,,
52,cape town,ZA,2022-04-23 07:21:07,-33.9258,18.4232,0,56,68.37799999999996,10.8
53,gat,IL,2022-04-23 07:21:07,31.61,34.7642,3,1,87.674,5.81
54,longyearbyen,SJ,2022-04-23 07:21:08,78.2186,15.6401,75,73,21.308000000000003,3.09
55,hunza,,,,,,,,
56,bonavista,CA,2022-04-23 07:21:08,48.6499,-53.1147,88,82,36.464000000000034,7.71
57,komsomolskiy,UZ,2022-04-23 07:18:23,40.4272,71.7189,18,20,83.39000000000001,2.06
58,yeniseysk,RU,2022-04-23 07:21:09,58.4497,92.1703,100,76,27.841999999999995,2.49
59,puerto colombia,CO,2022-04-23 07:21:09,10.9878,-74.9547,64,82,77.35999999999999,3.27
60,mar del plata,AR,2022-04-23 07:21:09,-38.0023,-57.5575,0,71,53.150000000000006,6.17
61,abdulino,RU,2022-04-23 07:21:10,53.7,53.6667,100,70,48.41600000000001,7.4
62,luhyny,UA,2022-04-23 07:21:10,51.082,28.4006,100,89,48.667999999999985,1.37
63,illoqqortoormiut,,,,,,,,
64,ancud,CL,2022-04-23 07:21:11,-41.8697,-73.8203,26,77,48.48800000000004,9.28
65,riyadh,SA,2022-04-23 07:16:56,24.6877,46.7219,96,10,95.41400000000004,7.22
66,garissa,KE,2022-04-23 07:21:11,-0.4536,39.6401,59,40,93.81199999999995,4.32
67,jaciara,BR,2022-04-23 07:21:11,-15.9653,-54.9683,57,70,77.37799999999996,1.87
68,klaksvik,FO,2022-04-23 07:21:12,62.2266,-6.589,100,81,47.588000000000044,8.81
69,marcona,,,,,,,,
70,arlit,NE,2022-04-23 07:19:13,18.7369,7.3853,42,5,104.59399999999998,4.34
71,kruisfontein,ZA,2022-04-23 07:21:12,-34.0033,24.7314,100,93,60.15199999999997,1.6
72,kingsport,US,2022-04-23 07:21:12,36.5484,-82.5618,0,87,62.81600000000001,0.89
73,ouadda,CF,2022-04-23 07:21:13,8.0777,22.4007,54,25,99.96799999999999,1.58
74,bredasdorp,ZA,2022-04-23 07:21:13,-34.5322,20.0403,19,46,68.52200000000005,4.71
75,sorata,BO,2022-04-23 07:21:13,-15.7667,-68.6333,20,28,51.188000000000045,0.7
76,abu jubayhah,,,,,,,,
77,falun,SE,2022-04-23 07:21:14,60.6036,15.626,93,45,52.214000000000034,6.46
78,qaqortoq,GL,2022-04-23 07:21:14,60.7167,-46.0333,100,92,36.842,1.18
79,barentsburg,,,,,,,,
80,saldanha,ZA,2022-04-23 07:21:15,-33.0117,17.9442,0,68,68.32400000000001,9.36
81,dikson,RU,2022-04-23 07:21:15,73.5069,80.5464,99,92,8.024000000000012,1.78
82,tsabong,BW,2022-04-23 07:21:15,-26.0217,22.401,1,24,82.41799999999998,5.78
83,purpe,RU,2022-04-23 07:21:15,64.4803,76.6897,98,86,16.501999999999974,5.72
84,campoverde,PE,2022-04-23 07:21:16,-8.4753,-74.8058,98,85,76.96400000000003,0.57
85,clyde river,CA,2022-04-23 07:21:16,70.4692,-68.5914,0,77,-7.0959999999999965,1.03
86,saint-max,FR,2022-04-23 07:21:16,48.7043,6.21,0,87,57.74000000000002,3.6
87,hobyo,SO,2022-04-23 07:21:17,5.3505,48.5268,99,62,87.54800000000003,4.87
88,kazalinsk,,,,,,,,
89,bengkulu,ID,2022-04-23 07:21:17,-3.8004,102.2655,84,90,78.584,3.54
90,shepetivka,UA,2022-04-23 07:21:18,50.1855,27.0637,100,97,48.127999999999965,1.28
91,torbay,CA,2022-04-23 07:21:18,47.6666,-52.7314,100,91,42.54800000000002,9.77
92,alunitdag,,,,,,,,
93,qaanaaq,GL,2022-04-23 07:21:18,77.484,-69.3632,99,89,-0.12999999999998835,2.39
94,los andes,CL,2022-04-23 07:21:19,-32.8337,-70.5983,0,44,57.272000000000034,1.41
95,ongandjera,NA,2022-04-23 07:21:19,-17.8833,15.0667,22,27,81.71600000000001,2.53
96,barranca de upia,CO,2022-04-23 07:21:19,4.5696,-72.9668,100,88,75.29000000000002,0.72
97,itarema,BR,2022-04-23 07:21:20,-2.9248,-39.9167,100,92,76.13599999999997,2.19
98,ambilobe,MG,2022-04-23 07:21:20,-13.2,49.05,47,69,86.18000000000004,3.98
99,iisalmi,FI,2022-04-23 07:21:21,63.5592,27.1907,98,67,43.592,2.74
100,tsihombe,,,,,,,,
101,deer lake,CA,2022-04-23 07:21:21,49.1667,-57.4316,100,87,39.325999999999986,1.03
102,mairana,BO,2022-04-23 07:21:21,-18.1167,-63.9333,92,95,60.16999999999996,0.54
103,vestmannaeyjar,IS,2022-04-23 07:21:21,63.4427,-20.2734,75,81,45.85999999999998,1.54
104,saint-philippe,RE,2022-04-23 07:21:22,-21.3585,55.7679,47,76,83.48000000000005,7.44
105,karamay,,,,,,,,
106,port-cartier,CA,2022-04-23 07:21:22,50.0334,-66.8654,3,67,28.022000000000038,6.34
107,birjand,IR,2022-04-23 07:21:23,32.8663,59.2211,40,10,84.93800000000005,6.17
108,bathsheba,BB,2022-04-23 07:21:23,13.2167,-59.5167,40,65,83.28200000000001,7.2
109,nanortalik,GL,2022-04-23 07:21:23,60.1432,-45.2371,100,94,36.877999999999965,2.39
110,eydhafushi,MV,2022-04-23 07:21:24,5.1033,73.0708,100,75,83.53399999999999,5.37
111,mahon,ES,2022-04-23 07:21:24,39.8885,4.2658,40,82,54.42799999999997,7.2
112,salalah,OM,2022-04-23 07:21:24,17.0151,54.0924,40,66,88.15999999999998,7.2
113,tekeli,KZ,2022-04-23 07:21:25,44.83,78.8239,92,73,56.53399999999999,1.92
114,touros,BR,2022-04-23 07:21:25,-5.1989,-35.4608,91,74,83.19200000000001,6.58
115,kavaratti,IN,2022-04-23 07:21:25,10.5669,72.642,78,66,86.18000000000004,2.28
116,presidencia roque saenz pena,AR,2022-04-23 07:21:25,-26.7852,-60.4388,5,74,59.59399999999997,3.07
117,karoi,ZW,2022-04-23 07:21:26,-16.8099,29.6925,82,63,72.31999999999996,2
118,punta arenas,CL,2022-04-23 07:20:41,-53.15,-70.9167,40,87,44.977999999999966,6.69
119,amapa,BR,2022-04-23 07:21:26,1,-52,100,97,71.76199999999996,0.65
120,makueni,KE,2022-04-23 07:21:27,-1.8041,37.6203,87,50,80.16799999999998,3.94
121,mayor pablo lagerenza,PY,2022-04-23 07:21:27,-19.9309,-60.7718,11,68,80.29399999999998,3.55
122,merignac,FR,2022-04-23 07:21:27,44.8325,-0.6338,75,88,55.83200000000002,4.63
123,bugene,TZ,2022-04-23 07:21:27,-1.5911,31.1403,86,68,72.96799999999999,1.7
124,kalabo,ZM,2022-04-23 07:21:28,-14.97,22.6814,70,38,85.73000000000005,0.66
125,bolungarvik,,,,,,,,
126,husavik,IS,2022-04-23 07:21:28,66.0449,-17.3389,11,60,49.567999999999984,2.31
127,le port,RE,2022-04-23 07:21:29,-20.9373,55.2919,82,62,83.87599999999999,2.71
128,am timan,TD,2022-04-23 07:21:29,11.0297,20.2827,46,23,101.71400000000004,2.75
129,victoria,HK,2022-04-23 07:20:05,22.2855,114.1577,2,81,82.45399999999995,2.68
130,plonsk,PL,2022-04-23 07:21:29,52.6235,20.3755,92,66,50.88200000000002,5.82
131,micheweni,TZ,2022-04-23 07:21:30,-4.9667,39.8333,29,66,85.316,3.5
132,adet,ET,2022-04-23 07:21:30,11.2644,37.4888,15,31,77.558,2.51
133,sindor,RU,2022-04-23 07:21:30,62.8629,51.8905,100,95,40.964000000000034,1.94
134,yabelo,ET,2022-04-23 07:21:31,4.8833,38.0833,85,43,74.858,4.74
135,lagoa,PT,2022-04-23 07:21:31,39.05,-27.9833,91,63,57.07400000000001,8.29
136,marawi,PH,2022-04-23 07:21:31,7.9986,124.2928,93,90,71.22200000000004,0.59
137,ilo,PE,2022-04-23 07:21:31,-17.6394,-71.3375,76,79,67.13599999999997,2.41
138,indiaroba,BR,2022-04-23 07:21:32,-11.5192,-37.5117,35,73,83.30000000000001,2.44
139,costa rica,BR,2022-04-23 07:17:02,-23.4167,-54.65,100,93,69.33200000000002,1.55
140,muzaffarpur,IN,2022-04-23 07:17:04,26.1167,85.4,0,7,105.83599999999997,7.16
141,cayenne,GF,2022-04-23 07:21:32,4.9333,-52.3333,75,89,79.10600000000002,1.03
142,grand river south east,,,,,,,,
143,kuusamo,FI,2022-04-23 07:21:33,65.9667,29.1833,100,65,39.50600000000003,2.57
144,machilipatnam,IN,2022-04-23 07:21:33,16.1667,81.1333,71,59,89.56400000000004,6.61
145,dhola,IN,2022-04-23 07:21:33,21.8833,71.7833,9,11,102.2,5.5
146,namibe,AO,2022-04-23 07:21:34,-15.1961,12.1522,20,69,76.1,6.69
147,marienburg,PL,2022-04-23 07:21:34,54.0359,19.0266,36,57,60.15199999999997,6.73
148,caravelas,BR,2022-04-23 07:21:34,-17.7125,-39.2481,61,68,83.35399999999996,2.69
149,paita,PE,2022-04-23 07:21:35,-5.0892,-81.1144,26,86,67.60399999999996,4.29
150,la roche-sur-yon,FR,2022-04-23 07:21:35,46.6667,-1.4333,40,59,66.74000000000002,4.63
151,pitea,SE,2022-04-23 07:21:35,65.3172,21.4794,83,76,44.95999999999998,2.31
152,saint george,US,2022-04-23 07:16:45,37.1041,-113.5841,0,82,42.908,0
153,dunmore town,BS,2022-04-23 07:21:36,25.5,-76.65,15,73,74.53399999999999,10
154,santiago de chuco,PE,2022-04-23 07:21:36,-8.15,-78.1833,65,87,49.60399999999996,0.48
155,sorland,NO,2022-04-23 07:21:36,67.667,12.6934,63,72,40.85600000000003,4.95
156,san luis,AR,2022-04-23 07:17:24,-33.295,-66.3356,2,65,59.935999999999964,6.64
157,pascagoula,US,2022-04-23 07:18:26,30.3658,-88.5561,0,95,67.19000000000003,0
158,nouadhibou,MR,2022-04-23 07:21:37,20.931,-17.0347,41,43,75.45199999999997,7.2
159,abu samrah,SY,2022-04-23 07:21:37,35.3029,37.1841,50,10,89.47400000000002,1.85
160,tubruq,,,,,,,,
161,umm durman,,,,,,,,
162,nizhnyaya salda,RU,2022-04-23 07:21:38,58.0776,60.7202,55,39,46.52599999999999,3.06
163,cidreira,BR,2022-04-23 07:21:38,-30.1811,-50.2056,99,85,63.08599999999997,7.39
164,joao camara,BR,2022-04-23 07:21:38,-5.5375,-35.8197,100,73,81.91400000000004,5.88
165,adrar,MR,2022-04-23 07:21:39,20.5022,-10.0711,80,14,85.38800000000005,4.8
166,skibbereen,IE,2022-04-23 07:18:32,51.55,-9.2667,29,67,58.36999999999996,5.61
167,porto walter,BR,2022-04-23 07:21:39,-8.2686,-72.7439,100,90,73.43599999999998,1.3
168,nchelenge,ZM,2022-04-23 07:21:39,-9.3451,28.734,59,65,79.34000000000003,2.44
169,plouzane,FR,2022-04-23 07:21:40,48.3833,-4.6167,20,68,62.924000000000014,7.2
170,lodwar,KE,2022-04-23 07:21:40,3.1191,35.5973,100,31,94.36999999999996,5.4
171,loandjili,CG,2022-04-23 07:21:40,-4.7561,11.8578,40,74,86.37799999999996,4.63
172,tucurui,BR,2022-04-23 07:21:41,-3.7661,-49.6725,99,99,72.12200000000004,1.26
173,massena,US,2022-04-23 07:20:00,44.9281,-74.8919,0,75,40.98200000000001,3.09
174,zilair,RU,2022-04-23 07:21:41,52.2332,57.4392,100,84,36.733999999999995,5.15
175,quetta,PK,2022-04-23 07:21:41,30.199,67.0097,41,9,80.88800000000005,2.08
176,gwadar,PK,2022-04-23 07:21:42,25.1216,62.3254,100,72,84.57799999999997,5.32
177,troitsko-pechorsk,RU,2022-04-23 07:21:42,62.7084,56.1964,100,95,38.82200000000004,2.56
178,tapaua,,,,,,,,
179,severodvinsk,RU,2022-04-23 07:21:42,64.5635,39.8302,98,84,37.77799999999996,4.62
180,nuuk,GL,2022-04-23 07:21:43,64.1835,-51.7216,75,93,34.682000000000016,5.14
181,hata,IN,2022-04-23 07:21:43,26.7461,83.7403,0,6,105.56600000000002,7.59
182,bellegarde-sur-valserine,FR,2022-04-23 07:21:44,46.1079,5.8242,100,76,60.61999999999996,1.9
183,eskasem,,,,,,,,
184,savannah bight,HN,2022-04-23 07:21:44,16.45,-85.85,82,74,79.06999999999996,1.42
185,alghero,IT,2022-04-23 07:21:44,40.5589,8.3181,0,56,70.15999999999998,9.26
186,sao filipe,CV,2022-04-23 07:21:45,14.8961,-24.4956,51,70,75.74000000000002,2.52
187,imbituba,BR,2022-04-23 07:21:45,-28.24,-48.6703,100,81,71.13200000000002,2.18
188,juba,SS,2022-04-23 07:21:46,4.8517,31.5825,76,32,97.26799999999999,1.36
189,de panne,BE,2022-04-23 07:21:46,51.0792,2.5917,20,62,65.58800000000005,7.2
190,mocuba,MZ,2022-04-23 07:21:47,-16.8392,36.9856,85,92,77.35999999999999,3.07
191,tandil,AR,2022-04-23 07:20:06,-37.3217,-59.1332,44,58,55.958000000000006,5.81
192,luderitz,NA,2022-04-23 07:21:47,-26.6481,15.1594,0,58,68.39600000000004,12.12
193,dawlatabad,AF,2022-04-23 07:21:47,36.4141,64.9053,72,19,86.558,5.58
194,bilma,NE,2022-04-23 07:21:48,18.6853,12.9164,14,8,106.016,4.44
195,george,ZA,2022-04-23 07:21:48,-33.963,22.4617,40,72,62.41999999999996,3.6
196,booue,GA,2022-04-23 07:21:49,-0.0921,11.9385,99,91,78.22400000000002,1.17
197,woodstock,CA,2022-04-23 07:17:34,43.1334,-80.7497,100,74,46.88599999999997,3.44
198,port hawkesbury,CA,2022-04-23 07:21:49,45.6169,-61.3485,100,83,41.14399999999997,7.2
199,rajakhera,IN,2022-04-23 07:21:49,26.8961,78.1714,1,8,104.19800000000002,4.26
200,havre-saint-pierre,CA,2022-04-23 07:21:50,50.2334,-63.5986,100,54,29.03000000000004,7.2
201,khor,RU,2022-04-23 07:21:50,47.8861,134.9464,100,40,52.44800000000002,5
202,axim,GH,2022-04-23 07:21:50,4.8699,-2.2405,31,64,87.72799999999997,3.42
203,camacha,PT,2022-04-23 07:21:51,33.0833,-16.3333,75,59,60.49399999999997,6.17
204,huarmey,PE,2022-04-23 07:21:51,-10.0681,-78.1522,95,89,66.72200000000004,2.67
205,cabedelo,BR,2022-04-23 07:21:51,-6.9811,-34.8339,97,78,81.53599999999997,5.61
206,quime,BO,2022-04-23 07:21:52,-16.9833,-67.2167,74,32,55.66999999999996,0.54
207,laguna,US,2022-04-23 07:21:52,38.421,-121.4238,0,92,49.280000000000044,0
208,ladario,BR,2022-04-23 07:21:52,-19.0047,-57.6017,75,74,82.958,2.06
209,los llanos de aridane,ES,2022-04-23 07:21:53,28.6585,-17.9182,75,68,64.41799999999998,3.09
210,danville,US,2022-04-23 07:18:07,36.586,-79.395,0,92,58.55,2.06
211,oriximina,BR,2022-04-23 07:21:53,-1.7656,-55.8661,99,90,76.226,0.49
212,barhi,IN,2022-04-23 07:21:54,23.9,80.8,10,10,104.30600000000003,3.92
213,skegness,GB,2022-04-23 07:21:54,53.1436,0.3363,58,85,57.542,10.98
214,povenets,RU,2022-04-23 07:21:54,62.8487,34.8262,100,86,34.44800000000002,3.61
215,sjenica,RS,2022-04-23 07:21:55,43.2731,19.9994,57,55,58.1,4.71
216,vargashi,RU,2022-04-23 07:21:55,55.3556,65.8467,2,34,41.9,3.93
217,taoudenni,ML,2022-04-23 07:21:55,22.6783,-3.9836,55,8,90.23000000000005,4.39
218,itapira,BR,2022-04-23 07:21:55,-22.4361,-46.8217,3,56,73.36400000000003,3.11
219,hofn,IS,2022-04-23 07:21:56,64.2539,-15.2082,2,81,45.55399999999995,3.47
220,gari,RU,2022-04-23 07:21:56,59.4307,62.3497,86,44,43.30399999999995,2.76
221,mogadishu,SO,2022-04-23 07:21:57,2.0371,45.3438,75,70,89.74399999999997,6.17
222,bakchar,RU,2022-04-23 07:21:57,57.0186,82.0711,100,41,29.282000000000018,3.95
223,abu dhabi,AE,2022-04-23 07:17:49,24.4667,54.3667,0,33,93.48800000000006,6.17
224,inongo,CD,2022-04-23 07:21:57,-1.95,18.2667,100,92,74.67799999999997,1.62
225,paamiut,GL,2022-04-23 07:21:58,61.994,-49.6678,100,96,35.15,4.05
226,kapustin yar-1,,,,,,,,
227,souillac,MU,2022-04-23 07:21:58,-20.5167,57.5167,40,69,79.44800000000004,6.69
228,sargodha,PK,2022-04-23 07:21:58,32.0836,72.6711,1,12,99.71600000000001,2.05
229,kurtamysh,RU,2022-04-23 07:21:59,54.9103,64.4319,5,30,46.30999999999998,3.83
230,ginda,IN,2022-04-23 07:21:59,30.6945,78.4932,32,16,76.64000000000001,3.95
231,astaneh-ye ashrafiyeh,IR,2022-04-23 07:21:59,37.2596,49.9444,0,52,69.99800000000002,4.19
232,saint anthony,US,2022-04-23 07:22:00,45.0205,-93.218,0,88,64.74199999999999,6.69
233,bogotol,RU,2022-04-23 07:22:00,56.2078,89.5342,100,46,28.508000000000003,4.54
234,camana,PE,2022-04-23 07:22:00,-16.6228,-72.7111,80,81,68.342,2.71
235,cockburn town,TC,2022-04-23 07:22:01,21.4612,-71.1419,100,74,77.05399999999995,8.05
236,pisco,PE,2022-04-23 07:22:01,-13.7,-76.2167,100,94,63.28399999999999,2.06
237,aquiraz,BR,2022-04-23 07:22:01,-3.9014,-38.3911,97,87,75.55999999999997,4.46
238,nyeri,KE,2022-04-23 07:22:02,-0.4201,36.9476,99,72,70.43000000000004,2.77
239,quatre cocos,MU,2022-04-23 07:22:02,-20.2078,57.7625,48,70,79.358,8.29
240,svetlogorsk,BY,2022-04-23 07:22:02,52.6333,29.7333,100,86,47.372000000000035,5.06
241,bandarbeyla,SO,2022-04-23 07:22:03,9.4942,50.8122,8,62,87.11600000000001,5.96
242,dzhusaly,,,,,,,,
243,tarudant,,,,,,,,
244,takoradi,GH,2022-04-23 07:22:03,4.8845,-1.7554,35,65,87.31400000000004,3.48
245,la macarena,CO,2022-04-23 07:22:04,2.1837,-73.7849,92,92,73.68800000000005,1.44
246,concepcion,CL,2022-04-23 07:18:26,-36.827,-73.0498,100,100,57.272000000000034,5.66
247,esil,KZ,2022-04-23 07:22:04,51.9556,66.4042,9,26,53.41999999999996,5.84
248,pilikwe,BW,2022-04-23 07:22:05,-22.799,27.1938,27,40,79.08800000000005,2.36
249,babanusah,,,,,,,,
250,sorvag,,,,,,,,
251,ekibastuz,KZ,2022-04-23 07:22:05,51.6667,75.3667,1,30,46.814000000000036,7.04
252,aksu,CN,2022-04-23 07:19:17,41.1231,80.2644,49,18,80.13200000000002,1.58
253,port victoria,KE,2022-04-23 07:22:05,0.0939,33.9756,91,64,76.87400000000002,3.03
254,dingle,PH,2022-04-23 07:22:06,10.9995,122.6711,6,80,79.592,2.77
255,turayf,SA,2022-04-23 07:22:06,31.6725,38.6637,75,22,88.32200000000003,15.43
256,mandera,KE,2022-04-23 07:22:06,3.9366,41.867,97,32,96.692,2.98
257,saryozek,KZ,2022-04-23 07:22:07,44.3583,77.9753,86,36,70.358,4.02
258,riaba,,,,,,,,
259,kabo,CF,2022-04-23 07:22:07,7.6994,18.629,76,28,102.092,1.18
260,diu,IN,2022-04-23 07:22:07,20.7141,70.9822,2,40,92.24600000000005,6.08
261,jacqueville,CI,2022-04-23 07:22:08,5.2052,-4.4146,68,78,82.30999999999997,2.66
262,taltal,CL,2022-04-23 07:22:08,-25.4,-70.4833,33,81,62.86999999999996,0.73
263,amparai,,,,,,,,
264,berlevag,NO,2022-04-23 07:22:08,70.8578,29.0864,100,97,37.47200000000004,11.48
265,gamba,GA,2022-04-23 07:22:09,-2.65,10,97,67,84.93800000000005,3.12
266,skole,UA,2022-04-23 07:22:09,49.0372,23.5135,100,97,42.04399999999997,1.56
267,keti bandar,PK,2022-04-23 07:22:09,24.1447,67.4497,11,61,86.73800000000006,5.93
268,mantua,IT,2022-04-23 07:22:09,45.1667,10.7833,51,68,68.61199999999997,3.13
269,muravlenko,RU,2022-04-23 07:22:10,63.7898,74.523,99,83,17.798000000000023,4.88
270,pakpattan,PK,2022-04-23 07:22:10,30.341,73.3866,20,9,102.55999999999999,5.06
271,tudela,ES,2022-04-23 07:22:10,42.0617,-1.6045,100,48,54.76999999999996,12.9
272,benghazi,LY,2022-04-23 07:22:11,32.1167,20.0667,0,61,67.69399999999997,8.85
273,kouroussa,GN,2022-04-23 07:22:11,10.65,-9.8833,86,23,103.06400000000004,1.24
274,berberati,CF,2022-04-23 07:22:11,4.2612,15.7922,97,51,86.43200000000002,0.98
275,san cristobal,VE,2022-04-23 07:22:12,7.7669,-72.225,83,82,64.85,1.79
276,chernyshkovskiy,RU,2022-04-23 07:22:12,48.4219,42.2308,93,51,62.74399999999997,1.94
277,seydi,TM,2022-04-23 07:22:12,39.4816,62.9137,92,23,84.05600000000004,5.59
278,ilulissat,GL,2022-04-23 07:22:12,69.2167,-51.1,75,86,26.888000000000044,0
279,havelock,US,2022-04-23 07:20:07,34.8791,-76.9013,0,89,68.21600000000001,1.73
280,kutum,SD,2022-04-23 07:22:13,14.2,24.6667,53,9,94.92799999999997,3.66
281,spas-demensk,RU,2022-04-23 07:22:13,54.4122,34.0226,98,59,55.30999999999998,4.22
282,wageningen,NL,2022-04-23 07:22:13,51.9667,5.6667,20,50,67.29800000000003,8.75
283,chipinge,ZW,2022-04-23 07:22:14,-20.1883,32.6236,55,77,70.39399999999998,2.22
284,mahebourg,MU,2022-04-23 07:22:14,-20.4081,57.7,40,69,79.51999999999995,6.69
285,vagay,RU,2022-04-23 07:22:14,57.9375,69.0217,23,43,34.75399999999995,2.67
286,hare bay,CA,2022-04-23 07:22:15,48.8499,-54.0148,100,87,38.82200000000004,4.13
287,olafsvik,IS,2022-04-23 07:22:15,64.8945,-23.7142,57,87,46.30999999999998,3.09
288,gweta,BW,2022-04-23 07:22:15,-20.1833,25.2333,34,45,76.892,4.74
289,maniitsoq,GL,2022-04-23 07:22:16,65.4167,-52.9,100,92,33.09800000000003,3.08
290,lamu,KE,2022-04-23 07:22:16,-2.2717,40.902,28,66,91.88599999999997,5.01
291,abnub,EG,2022-04-23 07:22:16,27.2696,31.1511,0,9,90.51799999999999,5.55
292,castelnaudary,FR,2022-04-23 07:22:17,43.3183,1.9545,100,85,55.958000000000006,9.79
293,palaion ayionerion,,,,,,,,
294,boqueirao,BR,2022-04-23 07:18:59,-7.5,-36.1333,93,59,80.41999999999996,5.29
295,mosjoen,NO,2022-04-23 07:22:17,65.836,13.1908,0,37,52.592,2.06
296,synya,RU,2022-04-23 07:22:17,65.3718,58.0387,84,70,32.917999999999985,1.25
297,viedma,AR,2022-04-23 07:22:18,-40.8135,-62.9967,76,49,62.438000000000045,12.96
298,tumannyy,,,,,,,,
299,hammerfest,NO,2022-04-23 07:22:18,70.6634,23.6821,75,87,38.11999999999996,8.23
300,minab,IR,2022-04-23 07:22:18,27.1467,57.0801,24,35,91.4,6.17
301,santa cruz de tenerife,ES,2022-04-23 07:18:53,28.4682,-16.2546,75,73,69.98000000000005,5.66
302,brigantine,US,2022-04-23 07:22:19,39.4101,-74.3646,75,57,56.28200000000002,4.12
303,aksum,ET,2022-04-23 07:22:19,14.1245,38.7244,33,22,79.71799999999999,2.65
304,matagami,CA,2022-04-23 07:22:19,49.7502,-77.6328,0,68,19.777999999999963,2.57
305,grand gaube,MU,2022-04-23 07:22:20,-20.0064,57.6608,37,64,79.64600000000004,5.36
306,sao jose da coroa grande,BR,2022-04-23 07:22:20,-8.8978,-35.1478,68,76,82.58000000000004,4.06
307,cap malheureux,MU,2022-04-23 07:22:20,-19.9842,57.6142,29,64,79.73599999999996,5.36
308,nortelandia,BR,2022-04-23 07:22:21,-14.4547,-56.8028,80,76,78.476,2.09
309,ndioum,SN,2022-04-23 07:22:21,16.5129,-14.6471,7,11,96.96199999999996,7.34
310,tahoua,NE,2022-04-23 07:22:21,14.8888,5.2692,0,8,106.05199999999998,2.57
311,urgut,UZ,2022-04-23 07:22:21,39.4022,67.2431,78,35,75.092,3.45
312,contamana,PE,2022-04-23 07:22:22,-7.3333,-75.0167,63,87,74.37200000000004,0.98
313,bara,NG,2022-04-23 07:22:22,10.3744,10.7288,100,20,102.38000000000004,0.54
314,attawapiskat,,,,,,,,
315,winsum,NL,2022-04-23 07:22:22,53.33,6.5208,3,44,64.25600000000003,9.06
316,himora,,,,,,,,
317,dhidhdhoo,MV,2022-04-23 07:22:23,6.8833,73.1,83,72,84.88399999999999,4.54
318,dzilam gonzalez,MX,2022-04-23 07:22:23,21.2833,-88.9333,6,93,70.55600000000004,1.63
319,port-gentil,GA,2022-04-23 07:22:23,-0.7193,8.7815,40,70,88.03399999999999,3.6
320,shache,CN,2022-04-23 07:22:24,38.4167,77.2406,81,13,79.12400000000002,2.71
321,coracora,PE,2022-04-23 07:22:24,-15.0333,-73.7833,47,54,50.306000000000026,1.32
322,mopipi,BW,2022-04-23 07:22:24,-21.1833,24.8833,91,46,76.85600000000002,2.58
323,coihaique,CL,2022-04-23 07:19:02,-45.5752,-72.0662,83,97,41.88200000000002,5.63
324,neftekamsk,RU,2022-04-23 07:22:25,56.092,54.2703,40,35,56.101999999999975,2.53
325,villa sandino,NI,2022-04-23 07:22:25,12.0483,-84.9936,66,92,74.84000000000003,3.38
326,jimma,ET,2022-04-23 07:22:25,7.6667,36.8333,81,50,78.13399999999999,0.92
327,kolondieba,ML,2022-04-23 07:22:25,11.0882,-6.8926,69,25,102.74000000000002,1.64
328,paradwip,,,,,,,,
329,beneditinos,BR,2022-04-23 07:22:26,-5.45,-42.3667,84,76,80.708,2.45
330,stargard szczecinski,PL,2022-04-23 07:22:26,53.3367,15.0499,30,19,60.42200000000004,5.36
331,sao gabriel da cachoeira,BR,2022-04-23 07:22:26,-0.1303,-67.0892,0,94,78.87200000000004,1.03
332,yar-sale,RU,2022-04-23 07:22:27,66.8333,70.8333,99,89,9.95,3.34
333,camopi,GF,2022-04-23 07:22:27,3.1655,-52.3158,100,99,71.43800000000005,0.19
334,rocha,UY,2022-04-23 07:20:26,-34.4833,-54.3333,24,76,55.47200000000004,4.19
335,hvammstangi,,,,,,,,
336,beroroha,MG,2022-04-23 07:22:27,-21.6667,45.1667,100,39,90.66199999999995,2.55
337,troy,US,2022-04-23 07:22:26,42.6056,-83.1499,0,83,49.819999999999965,2.24
338,santo tomas,PH,2022-04-23 07:22:28,14.1079,121.1414,23,77,84.72200000000004,2.61
339,zambezi,ZM,2022-04-23 07:22:28,-13.5432,23.1047,84,52,80.6,1.89
340,xai-xai,MZ,2022-04-23 07:22:28,-25.0519,33.6442,1,67,78.80000000000001,3.04
341,chabahar,IR,2022-04-23 07:22:29,25.2919,60.643,100,73,84.23599999999996,5.54
342,milos,GR,2022-04-23 07:22:29,36.75,24.4333,47,79,61.43000000000004,5.46
343,ostrovnoy,RU,2022-04-23 07:22:29,68.0531,39.5131,51,81,30.325999999999986,1.06
344,hamilton,US,2022-04-23 07:22:30,39.1834,-84.5333,40,76,66.2,3.09
345,peyima,SL,2022-04-23 07:22:30,8.7,-11.0333,92,34,98.78000000000004,0.33
346,rudraprayag,IN,2022-04-23 07:22:30,30.2833,78.9833,4,13,91.02200000000005,3.85
347,walvis bay,NA,2022-04-23 07:22:30,-22.9575,14.5053,0,64,71.02400000000002,3.09
348,muisne,EC,2022-04-23 07:22:31,0.6,-80.0333,99,85,76.58599999999997,2.6
349,vila velha,BR,2022-04-23 07:20:56,-20.3297,-40.2925,0,46,88.01600000000002,5.14
350,louisbourg,,,,,,,,
351,nedjo,ET,2022-04-23 07:22:31,9.5046,35.5019,92,46,76.15399999999995,1.55
352,lerwick,GB,2022-04-23 07:22:31,60.1545,-1.1494,83,87,48.469999999999956,7
353,rawson,AR,2022-04-23 07:20:54,-43.3002,-65.1023,60,33,55.05800000000001,14.1
354,manoel urbano,BR,2022-04-23 07:22:32,-8.8389,-69.2597,98,88,74.89399999999998,1.13
355,samrala,IN,2022-04-23 07:22:32,30.8367,76.1897,19,9,99.05,5.18
356,sabang,ID,2022-04-23 07:22:32,5.8933,95.3214,99,69,85.29800000000003,1.99
357,inhambane,MZ,2022-04-23 07:22:33,-23.865,35.3833,22,65,81.14000000000001,3.41
358,santo antonio do ica,BR,2022-04-23 07:22:33,-3.1022,-67.9397,99,86,76.92799999999997,1.15
359,beira,MZ,2022-04-23 07:22:33,-19.8436,34.8389,75,78,80.95999999999998,4.63
360,agsu,,,,,,,,
361,igarka,RU,2022-04-23 07:22:34,67.4667,86.5833,73,88,20.35399999999995,4.78
362,ayna,PE,2022-04-23 07:22:34,-12.65,-73.9167,99,78,62.366000000000014,0.89
363,isabela,PH,2022-04-23 07:22:34,6.7085,121.9711,85,85,80.924,2.97
364,ugoofaaru,MV,2022-04-23 07:22:35,5.6667,73,94,70,85.02799999999996,3.85
365,malakal,SS,2022-04-23 07:22:35,9.5334,31.6605,99,28,99.40999999999998,0.91
366,faya,SA,2022-04-23 07:22:35,18.3851,42.4509,41,49,75.57799999999997,4.06
367,alexandria,EG,2022-04-23 07:21:09,31.2156,29.9553,0,54,70.57400000000001,6.52
368,trelew,AR,2022-04-23 07:22:35,-43.249,-65.3051,64,32,54.608000000000004,12.97
369,watertown,US,2022-04-23 07:21:09,42.3709,-71.1828,0,43,50.55800000000001,5.36
370,grand bank,CA,2022-04-23 07:22:36,47.0999,-55.765,100,97,40.24399999999997,6.39
371,wamba,NG,2022-04-23 07:22:36,8.9333,8.6,17,33,98.54600000000005,2.75
372,beruwala,LK,2022-04-23 07:22:36,6.4788,79.9828,99,72,84.63200000000002,2.54
373,randolph,US,2022-04-23 07:22:37,35.7001,-79.8164,0,84,63.5,2.57
374,harper,LR,2022-04-23 07:22:37,4.375,-7.7169,70,63,86.80999999999997,2.41
375,pocone,BR,2022-04-23 07:22:37,-16.2567,-56.6228,11,69,80.22200000000004,2.92
376,bela,IN,2022-04-23 07:22:38,25.9333,81.9833,0,9,105.08000000000004,6.06
377,ibra,OM,2022-04-23 07:22:38,22.6906,58.5334,39,13,99.51799999999999,6.84
378,vastervik,,,,,,,,
379,new delhi,IN,2022-04-23 07:21:11,28.6128,77.2311,0,8,100.83200000000002,3.6
380,soyo,AO,2022-04-23 07:22:38,-6.1349,12.3689,88,73,82.88599999999997,4.02
381,neyshabur,IR,2022-04-23 07:22:39,36.2133,58.7958,78,32,73.14800000000002,3.54
382,chelyabinsk-70,,,,,,,,
383,holic,SK,2022-04-23 07:22:39,48.8111,17.1624,55,59,62.851999999999975,1.34
384,pangnirtung,CA,2022-04-23 07:22:39,66.1451,-65.7125,3,76,9.446000000000048,0.87
385,vila do maio,CV,2022-04-23 07:22:39,15.1333,-23.2167,15,80,83.46199999999996,6.28
386,puerto baquerizo moreno,EC,2022-04-23 07:22:40,-0.9,-89.6,4,91,70.96999999999997,4.1
387,boende,CD,2022-04-23 07:22:40,-0.2167,20.8667,95,48,89.86999999999996,1.4
388,gorahun,SL,2022-04-23 07:22:40,7.4661,-11.2375,80,43,96.72799999999997,0.8
389,nhamunda,BR,2022-04-23 07:22:41,-2.1861,-56.7131,97,88,77.28800000000004,0.9
390,ormara,PK,2022-04-23 07:22:41,25.2088,64.6357,79,76,82.94000000000003,7.71
391,artyom,AZ,2022-04-23 07:22:41,40.4723,50.333,23,70,64.81400000000004,4.99
392,katima mulilo,NA,2022-04-23 07:22:42,-17.5,24.2667,66,32,85.02799999999996,0.17
393,araouane,ML,2022-04-23 07:22:42,18.9048,-3.5265,26,5,94.67599999999999,6.19
394,manthani,IN,2022-04-23 07:22:42,18.65,79.6667,24,19,104.21600000000001,3.08
395,korla,CN,2022-04-23 07:22:43,41.7597,86.1469,59,12,80.15,4.44
396,chatellerault,FR,2022-04-23 07:22:43,46.8,0.5333,92,55,64.56199999999995,2.21
397,hualmay,PE,2022-04-23 07:22:43,-11.0964,-77.6139,91,92,66.39800000000002,2.62
398,carutapera,BR,2022-04-23 07:22:43,-1.195,-46.02,100,96,75.16400000000004,2.23
399,lodja,CD,2022-04-23 07:22:44,-3.4833,23.4333,59,82,81.19399999999997,1.17
400,rorvik,NO,2022-04-23 07:22:44,64.8621,11.2373,64,75,43.25,4.29
401,boa vista,BR,2022-04-23 07:22:44,2.8197,-60.6733,75,88,73.65199999999999,3.6
402,rundu,NA,2022-04-23 07:22:45,-17.9333,19.7667,11,25,84.03800000000004,1.59
403,uruacu,BR,2022-04-23 07:22:45,-14.5247,-49.1408,95,70,74.15600000000003,0.84
404,bjerkvik,NO,2022-04-23 07:22:45,68.5597,17.5189,19,68,44.69000000000002,0.88
405,bani,DO,2022-04-23 07:17:47,18.2833,-70.3333,100,72,76.118,4.23
406,genc,TR,2022-04-23 07:22:45,38.7507,40.5603,0,19,77.63000000000005,4.12
407,angren,UZ,2022-04-23 07:22:46,41.0167,70.1436,32,37,72.68000000000004,3.5
408,trincomalee,LK,2022-04-23 07:22:46,8.5711,81.2335,100,73,84.308,3.92
409,vadso,NO,2022-04-23 07:22:46,70.0744,29.7487,75,75,37.832000000000015,7.72
410,harrai,IN,2022-04-23 07:22:47,22.6167,79.2167,47,12,98.78000000000004,5
411,barcelos,PT,2022-04-23 07:20:19,41.5388,-8.6151,64,53,63.12200000000004,5
412,kemise,ET,2022-04-23 07:22:47,10.7167,39.8667,38,28,86.99000000000002,6.25
413,idah,NG,2022-04-23 07:22:47,7.1065,6.7342,46,42,96.98000000000005,1.89
414,nantucket,US,2022-04-23 07:19:17,41.2835,-70.0995,0,58,52.214000000000034,5.66
415,toliary,,,,,,,,
416,iracoubo,GF,2022-04-23 07:22:48,5.4802,-53.2011,100,92,75.99199999999999,1.18
417,george town,MY,2022-04-23 07:22:48,5.4112,100.3354,20,80,86.21600000000001,2.06
418,mindelo,CV,2022-04-23 07:22:48,16.8901,-24.9804,40,57,78.61999999999996,8.75
419,golspie,GB,2022-04-23 07:22:49,57.9727,-3.978,70,84,50.41400000000003,2.69
420,romny,UA,2022-04-23 07:22:49,50.751,33.4747,100,67,54.51799999999999,6.67
421,nyimba,ZM,2022-04-23 07:22:49,-14.5566,30.8149,80,71,76.60399999999996,1.78
422,khelyulya,RU,2022-04-23 07:22:49,61.7333,30.6833,87,74,42.04399999999997,3.92
423,morrope,PE,2022-04-23 07:22:50,-6.5417,-80.0111,48,88,62.977999999999966,3.81
424,maceio,BR,2022-04-23 07:22:50,-9.6658,-35.7353,75,78,82.11199999999997,1.03
425,sechura,PE,2022-04-23 07:22:50,-5.5569,-80.8222,39,88,66.434,4.4
426,sagua la grande,CU,2022-04-23 07:22:51,22.8067,-80.0756,40,75,72.85999999999999,5.66
427,sawakin,SD,2022-04-23 07:22:51,19.1059,37.3321,1,59,91.45399999999995,7.21
428,riachao das neves,BR,2022-04-23 07:22:51,-11.7461,-44.91,87,54,81.89600000000004,1.77
429,bubaque,GW,2022-04-23 07:22:52,11.2833,-15.8333,56,71,77.35999999999999,2.42
430,inderborskiy,,,,,,,,
431,pombas,CV,2022-04-23 07:22:52,17.1503,-25.0201,63,79,77.05399999999995,5.84
432,karpogory,RU,2022-04-23 07:22:52,64.0019,44.4451,100,98,33.403999999999954,2.33
433,kempele,FI,2022-04-23 07:22:52,64.9131,25.5034,0,57,46.688000000000045,3.09
434,lazurne,UA,2022-04-23 07:22:53,46.084,32.5295,100,75,55.219999999999956,4.39
435,atar,MR,2022-04-23 07:22:53,20.5169,-13.0499,0,24,82.72400000000002,5.14
436,kovernino,RU,2022-04-23 07:22:53,57.1253,43.8142,85,40,58.351999999999975,1.95
437,nicoya,CR,2022-04-23 07:22:54,10.1483,-85.452,70,82,76.65800000000002,0.93
438,zonguldak,TR,2022-04-23 07:22:54,41.25,31.8333,96,49,61.91600000000001,3.03
439,ankara,TR,2022-04-23 07:20:00,39.9199,32.8543,0,23,76.81999999999996,3.09
440,villamontes,BO,2022-04-23 07:22:54,-21.25,-63.5,15,76,72.30199999999998,2.48
441,henties bay,NA,2022-04-23 07:22:55,-22.116,14.2845,31,79,64.23800000000006,5.74
442,tabou,CI,2022-04-23 07:22:55,4.423,-7.3528,93,66,86.35999999999999,2.62
443,carinhanha,BR,2022-04-23 07:22:55,-14.3047,-43.765,67,48,83.75,2.69
444,oum hadjer,TD,2022-04-23 07:22:55,13.2954,19.6966,67,15,104.64800000000002,1.88
445,plettenberg bay,ZA,2022-04-23 07:22:56,-34.0527,23.3716,97,72,64.72400000000002,2.55
446,grindavik,IS,2022-04-23 07:22:56,63.8424,-22.4338,100,81,46.61600000000001,3.09
447,miracema do tocantins,BR,2022-04-23 07:22:56,-9.5618,-48.3967,99,80,79.91600000000001,0.64
448,morondava,MG,2022-04-23 07:22:57,-20.2833,44.2833,100,84,78.33200000000002,4.79
449,wakefield,GB,2022-04-23 07:22:57,53.6809,-1.499,53,70,59.50399999999995,2.24
450,phalombe,MW,2022-04-23 07:22:57,-15.8064,35.6507,86,79,76.08200000000002,1.64
451,dinsor,,,,,,,,
452,jalu,LY,2022-04-23 07:22:58,29.0331,21.5482,23,7,93.86600000000001,2.45
453,autazes,BR,2022-04-23 07:22:58,-3.5797,-59.1306,75,79,77.93599999999998,1.18
454,acarau,BR,2022-04-23 07:22:58,-2.8856,-40.12,100,92,76.02799999999996,2
455,arona,ES,2022-04-23 07:22:58,28.0996,-16.681,75,68,63.08599999999997,2.57
456,kati,ML,2022-04-23 07:22:59,12.7441,-8.0726,70,8,100.076,5.77
457,silute,LT,2022-04-23 07:22:59,55.3489,21.4831,96,69,52.592,5.55
458,ust-tarka,RU,2022-04-23 07:22:59,55.5672,75.705,100,34,25.988000000000046,6.64
459,samfya,ZM,2022-04-23 07:23:00,-11.3649,29.5565,58,63,76.73000000000005,0.81
460,tarazona,ES,2022-04-23 07:23:00,41.9,-1.7333,99,58,51.89000000000002,12.44
461,shamary,RU,2022-04-23 07:20:10,57.3434,58.2199,51,45,50.01799999999999,2.65
462,senador jose porfirio,BR,2022-04-23 07:23:00,-2.5908,-51.9542,96,92,75.01999999999995,1.25
463,cape canaveral,US,2022-04-23 07:23:01,28.4058,-80.6048,100,72,76.28000000000004,7.2
464,itacare,BR,2022-04-23 07:23:01,-14.2775,-38.9967,89,79,80.11400000000003,1.41
465,djenne,ML,2022-04-23 07:23:01,13.9061,-4.5533,43,6,103.10000000000001,5.16
466,raver,IN,2022-04-23 07:23:02,21.25,76.0333,4,11,105.11600000000001,1.2
467,pimentel,PE,2022-04-23 07:23:02,-6.8367,-79.9342,100,88,63.158,4.12
468,sertania,BR,2022-04-23 07:23:02,-8.0736,-37.2644,79,61,80.54600000000005,3.73
469,ventspils,LV,2022-04-23 07:23:03,57.3894,21.5606,0,47,59.19800000000002,5.14
470,karaton,ID,2022-04-23 07:23:03,-6.3424,106.1045,82,91,76.58599999999997,0.28
471,tarauaca,BR,2022-04-23 07:18:46,-8.1614,-70.7656,100,90,74.53399999999999,1.28
472,carnarvon,AU,2022-04-23 07:23:04,-24.8667,113.6333,2,83,75.542,4.12
473,belmonte,BR,2022-04-23 07:23:05,-15.8631,-38.8828,82,75,81.33800000000005,1.12
474,mocambique,,,,,,,,
475,abapo,BO,2022-04-23 07:23:06,-18.8333,-63.4667,18,68,70.23200000000003,0.74
476,seduva,LT,2022-04-23 07:23:06,55.7667,23.7667,99,90,54.30199999999998,6.86
477,belle glade,US,2022-04-23 07:23:07,26.6845,-80.6676,10,69,75.326,4.89
478,albanel,CA,2022-04-23 07:23:07,48.8832,-72.4487,7,63,21.614000000000033,3.09
479,punta alta,AR,2022-04-23 07:23:07,-38.8759,-62.0736,85,55,61.7,13.03
480,magadi,IN,2022-04-23 07:23:08,12.9667,77.2333,91,21,90.31999999999996,6.21
481,bertoua,CM,2022-04-23 07:23:08,4.5833,13.6833,76,32,96.15199999999997,1.55
482,mega,ET,2022-04-23 07:23:08,4.05,38.3,97,50,72.76999999999995,4.76
483,quijingue,BR,2022-04-23 07:23:09,-10.7525,-39.2092,94,83,73.83200000000002,1.84
484,haifa,IL,2022-04-23 07:23:09,32.8156,34.9892,0,60,75.434,4.63
485,mwinilunga,ZM,2022-04-23 07:23:09,-11.7358,24.4293,58,55,78.85399999999996,1.61
486,omboue,GA,2022-04-23 07:23:10,-1.5746,9.2618,100,81,80.36600000000001,0.16
487,talnakh,RU,2022-04-23 07:23:10,69.4865,88.3972,98,97,7.483999999999991,2.92
488,podporozhye,RU,2022-04-23 07:23:10,60.9112,34.1706,100,75,40.658,4
489,zdzieszowice,PL,2022-04-23 07:23:11,50.4248,18.1235,58,56,63.01400000000004,3.71
490,manitouwadge,CA,2022-04-23 07:23:11,49.1215,-85.8403,100,96,34.358000000000004,5.57
491,sakakah,SA,2022-04-23 07:23:11,29.9697,40.2064,88,23,78.63800000000005,5.75
492,thinadhoo,MV,2022-04-23 07:23:12,0.5333,72.9333,49,67,85.65800000000002,4.63
493,belem de sao francisco,BR,2022-04-23 07:23:12,-8.7539,-38.9658,48,62,82.16600000000001,6.08
494,lewisporte,CA,2022-04-23 07:23:12,49.2499,-55.0482,100,93,39.182000000000016,2.99
495,luba,GQ,2022-04-23 07:23:13,3.4568,8.5547,97,89,79.95199999999997,3.19
496,garh maharaja,PK,2022-04-23 07:23:13,30.8339,71.9053,18,10,101.67799999999997,2.29
497,codrington,AU,2022-04-23 07:23:13,-38.2667,141.9667,0,87,53.024000000000015,4.09
498,coquimbo,CL,2022-04-23 07:18:43,-29.9533,-71.3436,100,100,51.8,0.51
499,karaul,,,,,,,,
500,santarem,BR,2022-04-23 07:18:40,-2.4431,-54.7083,75,94,77.39600000000004,1.54
501,maldonado,UY,2022-04-23 07:20:27,-34.6667,-54.9167,20,76,58.658,4.25
502,laukaa,RU,2022-04-23 07:19:01,58.7372,29.8453,99,56,55.63399999999999,3.62
503,perivolion,GR,2022-04-23 07:23:14,39.4206,20.0147,73,85,67.81999999999996,3.95
504,chardara,KZ,2022-04-23 07:23:14,41.2547,67.9692,86,29,82.56199999999995,3.73
505,prainha,BR,2022-04-23 07:23:15,-1.8,-53.48,100,94,73.976,1.01
506,kamina,CD,2022-04-23 07:23:15,-8.7386,24.9906,85,56,80.40199999999999,2.08
507,nikki,BJ,2022-04-23 07:23:15,9.9401,3.2108,97,26,101.22799999999997,2.16
508,lasa,IT,2022-04-23 07:23:16,46.6166,10.7002,98,96,54.96799999999999,2.84
509,grand-santi,GF,2022-04-23 07:23:16,4.25,-54.3833,100,97,73.70600000000003,0.55
510,medveditskiy,RU,2022-04-23 07:23:16,50.7852,44.7129,12,47,62.00600000000003,3.62
511,oulainen,FI,2022-04-23 07:23:17,64.2667,24.8,88,76,45.08599999999997,3
512,eskil,TR,2022-04-23 07:23:17,38.4017,33.4131,6,18,76.90999999999998,3.03
513,deep river,CA,2022-04-23 07:23:17,46.1001,-77.4995,83,63,38.20999999999998,1.99
514,grootfontein,NA,2022-04-23 07:23:18,-19.5667,18.1167,2,27,78.33200000000002,0.98
515,castro,BR,2022-04-23 07:23:18,-24.7911,-50.0119,98,92,59.306000000000026,4.35
516,dambovicioara,RO,2022-04-23 07:23:18,45.45,25.2333,100,93,47.84000000000002,1.79
517,umzimvubu,,,,,,,,
518,margate,GB,2022-04-23 07:23:19,51.3813,1.3862,68,73,59.377999999999965,4.92
519,izberbash,RU,2022-04-23 07:23:19,42.5696,47.8645,7,64,61.12400000000001,3.6
520,ginir,ET,2022-04-23 07:23:19,7.1333,40.7,78,51,73.16600000000001,3.53
521,floriano,BR,2022-04-23 07:23:20,-6.7669,-43.0225,83,68,82.56199999999995,1.8
522,uray,RU,2022-04-23 07:23:20,60.1247,64.7758,59,66,32.791999999999994,1
523,liverpool,GB,2022-04-23 07:23:14,53.4106,-2.9779,75,67,59.55800000000001,9.26
524,bayan,CN,2022-04-23 07:23:20,46.0833,127.4,82,24,62.20399999999995,10.89
525,zachagansk,,,,,,,,
526,laurel,US,2022-04-23 07:23:21,39.0993,-76.8483,0,66,58.67599999999999,3.6
527,mbumi,TZ,2022-04-23 07:23:21,-7.9058,39.2105,45,66,86.71999999999997,2.43
528,tselinnoye,RU,2022-04-23 07:21:19,53.0833,85.6667,100,40,36.69800000000002,2.4
529,port blair,IN,2022-04-23 07:23:22,11.6667,92.75,40,74,86.30600000000004,1.54
530,sopelana,ES,2022-04-23 07:23:22,43.3789,-2.9831,75,81,53.653999999999954,1.03
531,urucara,BR,2022-04-23 07:23:22,-2.5364,-57.76,71,86,78.53000000000004,1.08
532,paracuru,BR,2022-04-23 07:23:23,-3.41,-39.0306,97,90,75.38000000000005,2.55
533,vangaindrano,MG,2022-04-23 07:23:23,-23.35,47.6,100,90,76.65800000000002,4.13
534,vila franca do campo,PT,2022-04-23 07:23:23,37.7167,-25.4333,100,70,61.483999999999995,5.92
535,garowe,SO,2022-04-23 07:23:23,8.4054,48.4845,57,25,95.792,1.99
536,nova olinda do norte,BR,2022-04-23 07:23:24,-3.8881,-59.0942,72,76,78.31400000000004,1.08
537,atasu,KZ,2022-04-23 07:23:24,48.6814,71.6433,89,20,57.811999999999955,6.9
538,zhezkazgan,KZ,2022-04-23 07:23:24,47.8043,67.7144,40,41,59.25199999999998,5
539,terrasini,IT,2022-04-23 07:23:25,38.146,13.0844,0,62,76.17200000000004,4.12
540,nador,MA,2022-04-23 07:23:25,35.174,-2.9287,0,59,66.542,7.2
541,arauco,CL,2022-04-23 07:23:25,-37.2463,-73.3175,100,99,56.62400000000001,5.53
542,astana,KZ,2022-04-23 07:23:26,51.1801,71.446,0,25,50.21600000000001,5
543,marica,BR,2022-04-23 07:20:38,-22.9194,-42.8186,1,66,84.41600000000001,3.32
544,rockland,US,2022-04-23 07:23:26,41.1668,-74.0496,85,60,52.7,1.58
545,necochea,AR,2022-04-23 07:23:26,-38.5473,-58.7368,81,55,55.184,9.06
546,mpongwe,ZM,2022-04-23 07:23:26,-13.5091,28.155,73,56,79.15999999999998,0.89
547,kuche,,,,,,,,
548,jumla,NP,2022-04-23 07:23:27,29.2747,82.1838,17,24,65.69600000000005,3.21
549,yalutorovsk,RU,2022-04-23 07:23:27,56.6536,66.3006,7,35,39.43399999999999,2.78
550,matara,LK,2022-04-23 07:23:28,5.9485,80.5353,97,70,85.24399999999997,4.08
551,hemeius,,,,,,,,
552,gouyave,GD,2022-04-23 07:23:28,12.1646,-61.7296,20,69,81.64399999999998,2.06
553,udimskiy,RU,2022-04-23 07:23:28,61.1417,45.9144,100,79,41.0,2.55
554,kabwe,ZM,2022-04-23 07:23:29,-14.4469,28.4464,78,68,73.23800000000006,2.77
555,cartersville,US,2022-04-23 07:23:29,34.1651,-84.7999,0,87,63.59000000000002,2.06
556,itaiba,BR,2022-04-23 07:23:29,-8.9475,-37.4228,81,66,78.90800000000002,3.91
557,awbari,LY,2022-04-23 07:23:30,26.5921,12.7805,37,10,88.41199999999995,5.13
558,sussex,US,2022-04-23 07:23:30,41.1834,-74.6663,75,58,50.70199999999998,0.89
559,lockport,US,2022-04-23 07:23:30,41.5895,-88.0578,0,88,63.14000000000002,3.09
560,sao luiz gonzaga,BR,2022-04-23 07:23:31,-28.4083,-54.9608,98,89,56.78599999999997,1.93
561,sinnamary,GF,2022-04-23 07:23:31,5.3833,-52.95,100,90,76.58599999999997,1.01
562,beloha,MG,2022-04-23 07:23:31,-25.1667,45.05,100,45,88.64600000000004,3.9
563,mpanda,TZ,2022-04-23 07:23:32,-6.3655,31.0409,90,74,75.91999999999996,0.68
564,skjervoy,NO,2022-04-23 07:23:32,70.0311,20.9714,86,74,41.26999999999996,1.73
565,koungou,YT,2022-04-23 07:23:32,-12.7336,45.2042,75,79,85.98200000000003,5.66
566,barabinsk,RU,2022-04-23 07:23:33,55.3571,78.357,100,50,27.23000000000004,7.52
567,sfantu gheorghe,RO,2022-04-23 07:23:33,45.8667,25.7833,100,88,54.08599999999997,5.8
568,dalbandin,PK,2022-04-23 07:23:33,28.8947,64.4101,57,7,95.66600000000001,6.02
569,mananjary,MG,2022-04-23 07:23:33,-21.2167,48.3333,98,90,77.234,3.74
570,cumra,TR,2022-04-23 07:23:34,37.5732,32.7745,5,17,77.41400000000004,2
571,skalistyy,,,,,,,,
572,ryazan,RU,2022-04-23 07:23:34,54.6197,39.74,99,55,57.95600000000003,2.44
573,gwanda,ZW,2022-04-23 07:23:34,-20.9333,29,28,44,79.17799999999997,1.01
574,san juan,AR,2022-04-23 07:21:07,-31.5375,-68.5364,76,48,61.84399999999997,3.14
575,sovetskiy,RU,2022-04-23 07:23:35,61.3614,63.5842,95,76,33.38599999999997,3.24
576,moskovskiy,RU,2022-04-23 07:23:35,55.5991,37.355,0,44,59.0,3.13
577,karauzyak,,,,,,,,
578,shieli,KZ,2022-04-23 07:23:36,44.1667,66.75,98,44,74.24600000000005,2.89
579,doctor pedro p. pena,,,,,,,,
580,tweed,CA,2022-04-23 07:23:36,44.4751,-77.3162,78,78,41.32400000000001,3.93
581,pitimbu,BR,2022-04-23 07:23:36,-7.4706,-34.8086,69,76,81.46400000000003,5.28
582,ostroleka,PL,2022-04-23 07:23:37,53.0862,21.5757,98,66,54.193999999999974,3.27
583,hit,IQ,2022-04-23 07:23:37,33.6416,42.8251,87,6,92.33599999999997,3.15
584,san ramon,US,2022-04-23 07:20:02,37.7799,-121.978,40,91,51.36799999999998,1.54
585,saint-augustin,CA,2022-04-23 07:23:37,51.226,-58.6502,100,100,34.06999999999996,1.78
586,praia,CV,2022-04-23 07:23:38,14.9215,-23.5087,20,42,83.20999999999998,11.32
587,baghdad,IQ,2022-04-23 07:19:26,33.3406,44.4009,75,11,89.78000000000004,3.6
588,umm kaddadah,SD,2022-04-23 07:23:38,13.6017,26.6876,28,7,101.31799999999998,2.8
589,martil,MA,2022-04-23 07:23:38,35.6166,-5.2752,75,56,68.234,8.23
590,loiza,PR,2022-04-23 07:23:39,18.4313,-65.8802,74,82,80.726,4.91
591,escanaba,US,2022-04-23 07:22:28,45.7453,-87.0646,100,95,42.78200000000002,7.72
592,jahrom,,,,,,,,
593,leiria,PT,2022-04-23 07:23:39,39.7436,-8.8071,40,65,61.592,5.14
594,anori,BR,2022-04-23 07:23:39,-3.7728,-61.6442,88,89,77.12599999999999,1.01
595,ghanzi,BW,2022-04-23 07:23:40,-21.5667,21.7833,60,29,79.19600000000005,2.86
596,road town,VG,2022-04-23 07:23:40,18.4167,-64.6167,40,78,79.15999999999998,2.57
597,santana do livramento,BR,2022-04-23 07:20:16,-30.8908,-55.5328,15,80,52.43000000000004,1.23
598,dolbeau,,,,,,,,
599,khandbari,NP,2022-04-23 07:23:41,27.3747,87.2039,32,43,80.95999999999998,0.55
600,conde,BR,2022-04-23 07:23:41,-7.2597,-34.9075,75,89,80.33000000000004,4.12
601,raudeberg,NO,2022-04-23 07:23:41,61.9875,5.1352,89,83,58.13599999999997,7.1
602,calabozo,VE,2022-04-23 07:23:42,8.9242,-67.4293,64,65,78.70999999999998,2.81
603,algeciras,ES,2022-04-23 07:23:42,36.1333,-5.4505,40,45,66.14600000000004,7.72
604,centralia,US,2022-04-23 07:23:42,46.7162,-122.9543,100,87,42.61999999999996,0
605,horb,DE,2022-04-23 07:23:43,50.288,11.1375,59,50,63.59000000000002,4.47
606,acari,PE,2022-04-23 07:23:43,-15.4311,-74.6158,34,86,68.82799999999997,0.43
607,pasni,PK,2022-04-23 07:23:43,25.2631,63.471,99,77,83.084,7.08
608,sinkat,,,,,,,,
609,bandar-e torkaman,,,,,,,,
610,rostovka,RU,2022-04-23 07:23:44,55.3842,71.8891,72,30,31.658000000000005,6.99
611,kilindoni,TZ,2022-04-23 07:23:44,-7.9139,39.6668,51,71,83.87599999999999,4.06
612,laela,TZ,2022-04-23 07:23:44,-8.5667,32.05,61,67,74.44399999999997,0.9
613,formoso do araguaia,,,,,,,,
614,chimore,BO,2022-04-23 07:23:45,-16.9833,-65.1333,90,98,74.04800000000003,0.52
615,mouzakion,,,,,,,,
616,calarasi,MD,2022-04-23 07:23:45,47.2544,28.3081,67,43,73.58000000000004,6.13
617,mbini,GQ,2022-04-23 07:23:46,1.574,9.6134,95,74,83.44399999999997,3.02
618,stanovoye,RU,2022-04-23 07:19:23,52.7638,38.3582,100,50,57.109999999999985,1.63
